number,email1,email2,name
69,luwak10@gmail.com,luwak10@gmail.com,卓書珩
72,fish_liu1015@hotmail.com,fish_liu1015@hotmail.com,胡玹睿
73,,Besshung@gmail.com,王若澄
74,babulado@yahoo.com.tw,babulado0719@gmail.com,鍾鈞舜
77,titi730229@gmail.com,titi730229@gmail.com,莊鈞翔
78,mi54325@gmail.com,mi54325@gmail.com,黃苡晨
79,sunkistlu@yahoo.com.tw,sunkistlu@yahoo.com.tw,林承樂
82,zenousa@gmail.com,zenousa@gmail.com,黃鈞揚
